{
    "1": {
        "round": 1,
        "loss": 0.6930984357071984,
        "accuracy": 0.9613781933298977
    }
}