Metric,Initial Value,Final Value,Improvement,Change
loss,0.2423931962433816,0.1077398529527944,-0.1346533432905872,-0.1347 ✓
accuracy,0.9734004469419192,0.973769282506346,0.0003688355644267949,0.0004 ✓
precision,0.9264958957796908,0.9272454619659166,0.0007495661862257919,0.0007 ✓
recall,0.9996094014683328,0.999869822741967,0.00026042127363423706,0.0003 ✓
f1_score,0.9616407190236668,0.9621639426977064,0.0005232236740396745,0.0005 ✓
false_positive_rate,0.0397031219841646,0.0392800752321382,-0.00042304675202639586,-0.0004 ✓
false_negative_rate,0.0003905985316672,0.000130177258033,-0.0002604212736342,-0.0003 ✓
