{
    "1": {
        "round": 1,
        "loss": 0.24239319624338168,
        "accuracy": 0.9734004469419193,
        "precision": 0.9264958957796908,
        "recall": 0.9996094014683327,
        "f1_score": 0.9616407190236668,
        "false_positive_rate": 0.03970312198416463,
        "false_negative_rate": 0.000390598531667287
    },
    "2": {
        "round": 2,
        "loss": 0.1702879751702026,
        "accuracy": 0.9734221431515914,
        "precision": 0.9265520606868829,
        "recall": 0.9996094014683327,
        "f1_score": 0.9616709091526682,
        "false_positive_rate": 0.03967057766965638,
        "false_negative_rate": 0.000390598531667287
    },
    "3": {
        "round": 3,
        "loss": 0.14413458574423788,
        "accuracy": 0.9734221431515914,
        "precision": 0.9265520606868829,
        "recall": 0.9996094014683327,
        "f1_score": 0.9616709091526682,
        "false_positive_rate": 0.03967057766965638,
        "false_negative_rate": 0.000390598531667287
    },
    "4": {
        "round": 4,
        "loss": 0.13519487678892053,
        "accuracy": 0.9734438393612636,
        "precision": 0.9266081769428911,
        "recall": 0.9996094014683327,
        "f1_score": 0.9617010857199239,
        "false_positive_rate": 0.03963803335514812,
        "false_negative_rate": 0.000390598531667287
    },
    "5": {
        "round": 5,
        "loss": 0.12831947757617862,
        "accuracy": 0.9734438393612636,
        "precision": 0.9266081769428911,
        "recall": 0.9996094014683327,
        "f1_score": 0.9617010857199239,
        "false_positive_rate": 0.03963803335514812,
        "false_negative_rate": 0.000390598531667287
    },
    "6": {
        "round": 6,
        "loss": 0.1213397122163546,
        "accuracy": 0.9734655355709357,
        "precision": 0.9266645002842359,
        "recall": 0.9996094014683327,
        "f1_score": 0.9617313199542997,
        "false_positive_rate": 0.03960548904063987,
        "false_negative_rate": 0.000390598531667287
    },
    "7": {
        "round": 7,
        "loss": 0.11619558700589447,
        "accuracy": 0.9734438393612636,
        "precision": 0.9266606668725446,
        "recall": 0.9995443128393161,
        "f1_score": 0.9616987796538914,
        "false_positive_rate": 0.03960548904063987,
        "false_negative_rate": 0.00045568716068379784
    },
    "8": {
        "round": 8,
        "loss": 0.11067238914173232,
        "accuracy": 0.9735523204096245,
        "precision": 0.9266817966528043,
        "recall": 0.999869822741967,
        "f1_score": 0.9618614866911405,
        "false_positive_rate": 0.03960548904063987,
        "false_negative_rate": 0.00013017725803302164
    },
    "9": {
        "round": 9,
        "loss": 0.10920173579986785,
        "accuracy": 0.9736174090386409,
        "precision": 0.9268500845196208,
        "recall": 0.999869822741967,
        "f1_score": 0.9619520011652535,
        "false_positive_rate": 0.039507858296085954,
        "false_negative_rate": 0.00013017725803302164
    },
    "10": {
        "round": 10,
        "loss": 0.1077398529527944,
        "accuracy": 0.9737692825063461,
        "precision": 0.9272454619659166,
        "recall": 0.999869822741967,
        "f1_score": 0.9621639426977063,
        "false_positive_rate": 0.03928007523213822,
        "false_negative_rate": 0.00013017725803302164
    }
}