{
    "1": {
        "round": 1,
        "loss": 5012873313988486.0,
        "accuracy": 0.5560970327052198,
        "precision": 0.42888784509861144,
        "recall": 0.9998375568551007,
        "f1_score": 0.6002723679980071,
        "false_positive_rate": 0.6657735663813779,
        "false_negative_rate": 0.00016244314489928524
    },
    "2": {
        "round": 2,
        "loss": 7776969470328.142,
        "accuracy": 0.7686268139484513,
        "precision": 0.6082980884967274,
        "recall": 0.8596489777908052,
        "f1_score": 0.7124121855909502,
        "false_positive_rate": 0.27688375983417596,
        "false_negative_rate": 0.14035102220919482
    },
    "3": {
        "round": 3,
        "loss": 11950511432.047499,
        "accuracy": 0.9702187567684644,
        "precision": 0.9482224902376073,
        "recall": 0.9632869854783545,
        "f1_score": 0.9556706420802136,
        "false_positive_rate": 0.026315524661904042,
        "false_negative_rate": 0.036713014521645534
    },
    "4": {
        "round": 4,
        "loss": 492376099.54994196,
        "accuracy": 0.9677279618800086,
        "precision": 0.9577145252431039,
        "recall": 0.9449294695984424,
        "f1_score": 0.9512421757489817,
        "false_positive_rate": 0.020873685573749707,
        "false_negative_rate": 0.05507053040155763
    },
    "5": {
        "round": 5,
        "loss": 462750449.2124388,
        "accuracy": 0.9713558587827593,
        "precision": 0.9521330908352702,
        "recall": 0.962474769753858,
        "f1_score": 0.9572540975726265,
        "false_positive_rate": 0.024203751294676716,
        "false_negative_rate": 0.03752523024614196
    },
    "6": {
        "round": 6,
        "loss": 452463724.44950336,
        "accuracy": 0.9739008013861815,
        "precision": 0.9592385319185806,
        "recall": 0.9626371529093536,
        "f1_score": 0.9609083771256254,
        "false_positive_rate": 0.020467494464172016,
        "false_negative_rate": 0.03736284709064634
    },
    "7": {
        "round": 7,
        "loss": 440960304.0650324,
        "accuracy": 0.9732510288065843,
        "precision": 0.9622984803751642,
        "recall": 0.9572763555993021,
        "f1_score": 0.9597610838423353,
        "false_positive_rate": 0.018761825490615433,
        "false_negative_rate": 0.04272364440069785
    },
    "8": {
        "round": 8,
        "loss": 428962460.906953,
        "accuracy": 0.9729261425167858,
        "precision": 0.9598681236719872,
        "recall": 0.9589010337498338,
        "f1_score": 0.9593558030467876,
        "false_positive_rate": 0.020061407375779234,
        "false_negative_rate": 0.04109896625016625
    },
    "9": {
        "round": 9,
        "loss": 418143811.50578725,
        "accuracy": 0.9748754602555773,
        "precision": 0.959953855725462,
        "recall": 0.9649116627224033,
        "f1_score": 0.9623993387309233,
        "false_positive_rate": 0.02014260813819238,
        "false_negative_rate": 0.03508833727759686
    },
    "10": {
        "round": 10,
        "loss": 407343728.52393585,
        "accuracy": 0.9746047216807451,
        "precision": 0.959920717662071,
        "recall": 0.9640994447073679,
        "f1_score": 0.9619777323550998,
        "false_positive_rate": 0.020142628948228877,
        "false_negative_rate": 0.0359005552926321
    }
}