{
    "1": {
        "round": 1,
        "loss": 0.693099940985771,
        "accuracy": 0.9613781933298977
    }
}