{
    "1": {
        "round": 1,
        "loss": 0.55340116174598,
        "accuracy": 0.9715032545743427,
        "precision": 0.9475708397109884,
        "recall": 0.9982571585759037,
        "f1_score": 0.9722476700931214,
        "false_positive_rate": 0.05524244197899786,
        "false_negative_rate": 0.001742841424096244
    },
    "2": {
        "round": 2,
        "loss": 0.47284482550689677,
        "accuracy": 0.9775574984685638,
        "precision": 0.9581259935746759,
        "recall": 0.9987747662065353,
        "f1_score": 0.9780233961739371,
        "false_positive_rate": 0.04365233708843711,
        "false_negative_rate": 0.0012252337934647213
    },
    "3": {
        "round": 3,
        "loss": 0.4734506632672098,
        "accuracy": 0.9773421277635276,
        "precision": 0.957728114858549,
        "recall": 0.998778504848258,
        "f1_score": 0.9778178757500282,
        "false_positive_rate": 0.04408842249190505,
        "false_negative_rate": 0.001221495151741969
    },
    "4": {
        "round": 4,
        "loss": 0.41352598537892427,
        "accuracy": 0.9776684097200862,
        "precision": 0.9577990562430446,
        "recall": 0.999384757821309,
        "f1_score": 0.9781443724916922,
        "false_positive_rate": 0.044039681150234704,
        "false_negative_rate": 0.0006152421786910489
    },
    "5": {
        "round": 5,
        "loss": 0.4129802577611364,
        "accuracy": 0.9778174116597926,
        "precision": 0.9580240710632285,
        "recall": 0.9994426060854629,
        "f1_score": 0.9782896935593668,
        "false_positive_rate": 0.04380286249604891,
        "false_negative_rate": 0.0005573939145370082
    },
    "6": {
        "round": 6,
        "loss": 0.360279570678689,
        "accuracy": 0.9781276804313197,
        "precision": 0.9585345508536807,
        "recall": 0.9995098173254121,
        "f1_score": 0.9785883100639625,
        "false_positive_rate": 0.04324904784365332,
        "false_negative_rate": 0.0004901826745878569
    },
    "7": {
        "round": 7,
        "loss": 0.32785075706424294,
        "accuracy": 0.9777299292525377,
        "precision": 0.9578032408225248,
        "recall": 0.999507796886212,
        "f1_score": 0.9782059303145362,
        "false_positive_rate": 0.044039681150234704,
        "false_negative_rate": 0.0004922031137879422
    },
    "8": {
        "round": 8,
        "loss": 0.3272979917959724,
        "accuracy": 0.9777109105093057,
        "precision": 0.9577273494432101,
        "recall": 0.9995541757709447,
        "f1_score": 0.9781894150630362,
        "false_positive_rate": 0.04412743557918809,
        "false_negative_rate": 0.0004458242290551098
    },
    "9": {
        "round": 9,
        "loss": 0.32828949174405614,
        "accuracy": 0.9771865238732709,
        "precision": 0.9567621519854169,
        "recall": 0.999553728156257,
        "f1_score": 0.9776863658379845,
        "false_positive_rate": 0.04517535865029302,
        "false_negative_rate": 0.0004462718437429161
    },
    "10": {
        "round": 10,
        "loss": 0.3280223144461267,
        "accuracy": 0.9773513332589535,
        "precision": 0.9570674037501277,
        "recall": 0.9995536783658024,
        "f1_score": 0.9778448950192234,
        "false_positive_rate": 0.04484568949472572,
        "false_negative_rate": 0.0004463216341974228
    },
    "11": {
        "round": 11,
        "loss": 0.32736183511850375,
        "accuracy": 0.9777084262148907,
        "precision": 0.9577227755531467,
        "recall": 0.9995541260803263,
        "f1_score": 0.978187019777155,
        "false_positive_rate": 0.0441323539291189,
        "false_negative_rate": 0.00044587391967359564
    },
    "12": {
        "round": 12,
        "loss": 0.32733246004690336,
        "accuracy": 0.9773996822631067,
        "precision": 0.9571194186808483,
        "recall": 0.999589977880663,
        "f1_score": 0.977890302901966,
        "false_positive_rate": 0.0447837347971642,
        "false_negative_rate": 0.0004100221193370061
    },
    "13": {
        "round": 13,
        "loss": 0.3235200686322124,
        "accuracy": 0.9782755033351692,
        "precision": 0.9584777290886132,
        "recall": 0.9998775618619042,
        "f1_score": 0.9787357461527904,
        "false_positive_rate": 0.043318341417114326,
        "false_negative_rate": 0.0001224381380957714
    },
    "14": {
        "round": 14,
        "loss": 0.3050627417618056,
        "accuracy": 0.9775104895104895,
        "precision": 0.9573609311268396,
        "recall": 0.9995524049446364,
        "f1_score": 0.9779968282322392,
        "false_positive_rate": 0.04452391704039525,
        "false_negative_rate": 0.0004475950553635245
    },
    "15": {
        "round": 15,
        "loss": 0.30559288282356895,
        "accuracy": 0.9771890686001116,
        "precision": 0.9567668371096899,
        "recall": 0.9995537779356037,
        "f1_score": 0.977688819106713,
        "false_positive_rate": 0.04517031956957352,
        "false_negative_rate": 0.00044622206439615174
    },
    "16": {
        "round": 16,
        "loss": 0.28498847004231836,
        "accuracy": 0.9781119465329992,
        "precision": 0.9584603954957756,
        "recall": 0.9995543992417363,
        "f1_score": 0.9785720665127748,
        "false_positive_rate": 0.043323030748931506,
        "false_negative_rate": 0.0004456007582636035
    },
    "17": {
        "round": 17,
        "loss": 0.2608732043674472,
        "accuracy": 0.9780618201929576,
        "precision": 0.9580890881451442,
        "recall": 0.9998770502295444,
        "f1_score": 0.9785319504508021,
        "false_positive_rate": 0.04374516174627082,
        "false_negative_rate": 0.0001229497704555399
    },
    "18": {
        "round": 18,
        "loss": 0.26252844708979206,
        "accuracy": 0.9780814277746793,
        "precision": 0.9583060380783606,
        "recall": 0.9996653653095371,
        "f1_score": 0.9785454336719165,
        "false_positive_rate": 0.043497782789044474,
        "false_negative_rate": 0.00033463469046291134
    },
    "19": {
        "round": 19,
        "loss": 0.26087320367612304,
        "accuracy": 0.9780618201929576,
        "precision": 0.9580890881451442,
        "recall": 0.9998770502295444,
        "f1_score": 0.9785319504508021,
        "false_positive_rate": 0.04374516174627082,
        "false_negative_rate": 0.0001229497704555399
    },
    "20": {
        "round": 20,
        "loss": 0.25241816252659527,
        "accuracy": 0.977108137964895,
        "precision": 0.9566605129323293,
        "recall": 0.9995089749837595,
        "f1_score": 0.9776110181255284,
        "false_positive_rate": 0.04528684361620555,
        "false_negative_rate": 0.000491025016240518
    },
    "21": {
        "round": 21,
        "loss": 0.248214457778702,
        "accuracy": 0.9774399215301618,
        "precision": 0.9569469378086787,
        "recall": 0.9998773441874311,
        "f1_score": 0.9779369152624128,
        "false_positive_rate": 0.0449916521507144,
        "false_negative_rate": 0.00012265581256884508
    },
    "22": {
        "round": 22,
        "loss": 0.2480873911232832,
        "accuracy": 0.9780814277746793,
        "precision": 0.9583060380783606,
        "recall": 0.9996653653095371,
        "f1_score": 0.9785454336719165,
        "false_positive_rate": 0.043497782789044474,
        "false_negative_rate": 0.00033463469046291134
    },
    "23": {
        "round": 23,
        "loss": 0.2510761066620622,
        "accuracy": 0.9773451921463333,
        "precision": 0.957054775692903,
        "recall": 0.9995524550195992,
        "f1_score": 0.9778378297969491,
        "false_positive_rate": 0.044854562683731336,
        "false_negative_rate": 0.0004475449804006825
    },
    "24": {
        "round": 24,
        "loss": 0.24720670093661917,
        "accuracy": 0.977649885455663,
        "precision": 0.9573200986455834,
        "recall": 0.9998882068718431,