{
    "1": {
        "round": 1,
        "loss": 0.42248304929015146,
        "accuracy": 0.9729178647984524,
        "precision": 0.9252134153288977,
        "recall": 0.9996079354213104,
        "f1_score": 0.9609600638872539,
        "false_positive_rate": 0.04042652801812099,
        "false_negative_rate": 0.00039206457868956254
    },
    "2": {
        "round": 2,
        "loss": 0.2805847378036214,
        "accuracy": 0.9729701469127412,
        "precision": 0.9253474422006455,
        "recall": 0.9996079354213104,
        "f1_score": 0.961032418203876,
        "false_positive_rate": 0.0403481047995612,
        "false_negative_rate": 0.00039206457868956254
    },
    "3": {
        "round": 3,
        "loss": 0.2118858262931202,
        "accuracy": 0.9729701469127412,
        "precision": 0.9253474422006455,
        "recall": 0.9996079354213104,
        "f1_score": 0.961032418203876,
        "false_positive_rate": 0.0403481047995612,
        "false_negative_rate": 0.00039206457868956254
    },
    "4": {
        "round": 4,
        "loss": 0.18554717042299992,
        "accuracy": 0.9729701469127412,
        "precision": 0.9253474422006455,
        "recall": 0.9996079354213104,
        "f1_score": 0.961032418203876,
        "false_positive_rate": 0.0403481047995612,
        "false_negative_rate": 0.00039206457868956254
    },
    "5": {
        "round": 5,
        "loss": 0.14445652530362063,
        "accuracy": 0.9729701469127412,
        "precision": 0.9253474422006455,
        "recall": 0.9996079354213104,
        "f1_score": 0.961032418203876,
        "false_positive_rate": 0.0403481047995612,
        "false_negative_rate": 0.00039206457868956254
    },
    "6": {
        "round": 6,
        "loss": 0.13219214787480268,
        "accuracy": 0.9729962879698855,
        "precision": 0.9254139494732826,
        "recall": 0.9996079354213104,
        "f1_score": 0.9610684494849691,
        "false_positive_rate": 0.04030890307839454,
        "false_negative_rate": 0.00039206457868956254
    },
    "7": {
        "round": 7,
        "loss": 0.12735384407220157,
        "accuracy": 0.9729962879698855,
        "precision": 0.9254139536358333,
        "recall": 0.9996079749093121,
        "f1_score": 0.9610684615724733,
        "false_positive_rate": 0.04030890307839454,
        "false_negative_rate": 0.00039202509068783387
    },
    "8": {
        "round": 8,
        "loss": 0.11920385228451619,
        "accuracy": 0.9730224290270298,
        "precision": 0.9254187392137817,
        "recall": 0.9996863980807452,
        "f1_score": 0.961107656744666,
        "false_positive_rate": 0.04030890307839454,
        "false_negative_rate": 0.0003136019192547811
    },
    "9": {
        "round": 9,
        "loss": 0.11593854675007975,
        "accuracy": 0.9730485700841742,
        "precision": 0.9254242046076459,
        "recall": 0.9997648212521782,
        "f1_score": 0.9611468378497119,
        "false_positive_rate": 0.04030890307839454,
        "false_negative_rate": 0.0002351787478217284
    },
    "10": {
        "round": 10,
        "loss": 0.11326874110316569,
        "accuracy": 0.9730485700841742,
        "precision": 0.9254242046076459,
        "recall": 0.9997648212521782,
        "f1_score": 0.9611468378497119,
        "false_positive_rate": 0.04030890307839454,
        "false_negative_rate": 0.0002351787478217284
    },
    "11": {
        "round": 11,
        "loss": 0.11079174457986272,
        "accuracy": 0.9730224290270298,
        "precision": 0.9254187392137817,
        "recall": 0.9996863980807452,
        "f1_score": 0.961107656744666,
        "false_positive_rate": 0.04030890307839454,
        "false_negative_rate": 0.0003136019192547811
    },
    "12": {
        "round": 12,
        "loss": 0.10684200117215621,
        "accuracy": 0.9730485700841742,
        "precision": 0.9254242046076459,
        "recall": 0.9997648212521782,
        "f1_score": 0.9611468378497119,
        "false_positive_rate": 0.04030890307839454,
        "false_negative_rate": 0.0002351787478217284
    },
    "13": {
        "round": 13,
        "loss": 0.10509823625986424,
        "accuracy": 0.9730485700841742,
        "precision": 0.9254242046076459,
        "recall": 0.9997648212521782,
        "f1_score": 0.9611468378497119,
        "false_positive_rate": 0.04030890307839454,
        "false_negative_rate": 0.0002351787478217284
    },
    "14": {
        "round": 14,
        "loss": 0.10333971140051626,
        "accuracy": 0.9730485700841742,
        "precision": 0.9254242046076459,
        "recall": 0.9997648212521782,
        "f1_score": 0.9611468378497119,
        "false_positive_rate": 0.04030890307839454,
        "false_negative_rate": 0.0002351787478217284
    },
    "15": {
        "round": 15,
        "loss": 0.10296652484883312,
        "accuracy": 0.9730485700841742,
        "precision": 0.9254242046076459,
        "recall": 0.9997648212521782,
        "f1_score": 0.9611468378497119,
        "false_positive_rate": 0.04030890307839454,
        "false_negative_rate": 0.0002351787478217284
    },
    "16": {
        "round": 16,
        "loss": 0.10117727955500344,
        "accuracy": 0.9730747111413186,
        "precision": 0.9254294524734327,
        "recall": 0.9998432038319076,
        "f1_score": 0.9611860036825214,
        "false_positive_rate": 0.04030890307839454,
        "false_negative_rate": 0.00015679616809231595
    },
    "17": {
        "round": 17,
        "loss": 0.10107411881740276,
        "accuracy": 0.9730485700841742,
        "precision": 0.9254242046076459,
        "recall": 0.9997648212521782,
        "f1_score": 0.9611468378497119,
        "false_positive_rate": 0.04030890307839454,
        "false_negative_rate": 0.0002351787478217284
    },
    "18": {
        "round": 18,
        "loss": 0.09975305057362426,
        "accuracy": 0.9730747111413186,
        "precision": 0.9254294524734327,
        "recall": 0.9998432038319076,
        "f1_score": 0.9611860036825214,
        "false_positive_rate": 0.04030890307839454,
        "false_negative_rate": 0.00015679616809231595
    },
    "19": {
        "round": 19,
        "loss": 0.09904460096971196,
        "accuracy": 0.9730747111413186,
        "precision": 0.9254294524734327,
        "recall": 0.9998432038319076,
        "f1_score": 0.9611860036825214,
        "false_positive_rate": 0.04030890307839454,
        "false_negative_rate": 0.00015679616809231595
    },
    "20": {
        "round": 20,
        "loss": 0.09865702383319853,
        "accuracy": 0.9730747111413186,
        "precision": 0.9254294524734327,
        "recall": 0.9998432038319076,
        "f1_score": 0.9611860036825214,
        "false_positive_rate": 0.04030890307839454,
        "false_negative_rate": 0.00015679616809231595
    },
    "21": {
        "round": 21,
        "loss": 0.09785892675381118,
        "accuracy": 0.9730747111413186,
        "precision": 0.9254294524734327,
        "recall": 0.9998432038319076,
        "f1_score": 0.9611860036825214,
        "false_positive_rate": 0.04030890307839454,
        "false_negative_rate": 0.00015679616809231595
    },
    "22": {
        "round": 22,
        "loss": 0.09762729888487322,
        "accuracy": 0.9730747111413186,
        "precision": 0.9254294524734327,
        "recall": 0.9998432038319076,
        "f1_score": 0.9611860036825214,
        "false_positive_rate": 0.04030890307839454,
        "false_negative_rate": 0.00015679616809231595
    },
    "23": {
        "round": 23,
        "loss": 0.09707304632112189,
        "accuracy": 0.9730747111413186,
        "precision": 0.9254294524734327,
        "recall": 0.9998432038319076,
        "f1_score": 0.9611860036825214,
        "false_positive_rate": 0.04030890307839454,
        "false_negative_rate": 0.00015679616809231595
    },
    "24": {
        "round": 24,
        "loss": 0.09701674376165978,
        "accuracy": 0.9730747111413186,
        "precision": 0.9254294524734327,